{"cameraMode":{"drawMode":0,"name":"Shaded","section":"Shading Mode"},"sceneLighting":false,"audioPlay":false,"sceneViewState":{"m_AlwaysRefresh":false,"showFog":true,"showSkybox":false,"showFlares":true,"showImageEffects":true,"showParticleSystems":true,"showVisualEffectGraphs":true,"m_FxEnabled":true},"in2DMode":false,"pivot":{"x":-50.674713134765628,"y":3.0283091068267824,"z":-106.11459350585938},"rotation":{"x":0.03416287899017334,"y":-0.818046510219574,"z":0.05298268422484398,"w":0.5726562142372131},"size":133.45541381835938,"orthographic":false}