{"cameraMode":{"drawMode":0,"name":"Shaded","section":"Shading Mode"},"sceneLighting":false,"audioPlay":false,"sceneViewState":{"m_AlwaysRefresh":false,"showFog":true,"showSkybox":false,"showFlares":true,"showImageEffects":true,"showParticleSystems":true,"showVisualEffectGraphs":true,"m_FxEnabled":true},"in2DMode":false,"pivot":{"x":-0.18999996781349183,"y":0.12000000476837158,"z":-1.6100000143051148},"rotation":{"x":-0.1563161164522171,"y":-0.10261748731136322,"z":0.016311708837747575,"w":-0.982279360294342},"size":1.4549227952957154,"orthographic":false}