{"cameraMode":{"drawMode":0,"name":"Shaded","section":"Shading Mode"},"sceneLighting":false,"audioPlay":false,"sceneViewState":{"m_AlwaysRefresh":false,"showFog":true,"showSkybox":false,"showFlares":true,"showImageEffects":true,"showParticleSystems":true,"showVisualEffectGraphs":true,"m_FxEnabled":true},"in2DMode":false,"pivot":{"x":26.130943298339845,"y":-0.2870790958404541,"z":17.35800552368164},"rotation":{"x":0.08823086321353913,"y":-0.7173374891281128,"z":0.09240823239088059,"w":0.6849611401557922},"size":1.7424864768981934,"orthographic":false}