{"cameraMode":{"drawMode":0,"name":"Shaded","section":"Shading Mode"},"sceneLighting":false,"audioPlay":false,"sceneViewState":{"m_AlwaysRefresh":false,"showFog":true,"showSkybox":false,"showFlares":true,"showImageEffects":true,"showParticleSystems":true,"showVisualEffectGraphs":true,"m_FxEnabled":true},"in2DMode":false,"pivot":{"x":-0.01741376519203186,"y":0.11246059834957123,"z":0.32598912715911868},"rotation":{"x":0.0061035240069031719,"y":0.9857466816902161,"z":-0.036688219755887988,"w":0.16414104402065278},"size":0.08232402801513672,"orthographic":false}