{"cameraMode":{"drawMode":0,"name":"Shaded","section":"Shading Mode"},"sceneLighting":true,"audioPlay":false,"sceneViewState":{"m_AlwaysRefresh":true,"showFog":true,"showSkybox":true,"showFlares":true,"showImageEffects":true,"showParticleSystems":true,"showVisualEffectGraphs":true,"m_FxEnabled":true},"in2DMode":false,"pivot":{"x":0.9664363861083984,"y":1.8286700248718262,"z":-4.519139289855957},"rotation":{"x":-0.21462690830230714,"y":-0.0008821496739983559,"z":0.00019387145584914833,"w":-0.9766977429389954},"size":0.7732049822807312,"orthographic":false}