{"cameraMode":{"drawMode":0,"name":"Shaded","section":"Shading Mode"},"sceneLighting":true,"audioPlay":false,"sceneViewState":{"m_AlwaysRefresh":true,"showFog":true,"showSkybox":true,"showFlares":true,"showImageEffects":true,"showParticleSystems":true,"showVisualEffectGraphs":true,"m_FxEnabled":true},"in2DMode":false,"pivot":{"x":6.934434413909912,"y":0.477558434009552,"z":-12.373001098632813},"rotation":{"x":-0.21340827643871308,"y":-0.021101219579577447,"z":0.0046178256161510948,"w":-0.9767400622367859},"size":4.663299083709717,"orthographic":false}