{"cameraMode":{"drawMode":0,"name":"Shaded","section":"Shading Mode"},"sceneLighting":false,"audioPlay":false,"sceneViewState":{"m_AlwaysRefresh":false,"showFog":true,"showSkybox":true,"showFlares":true,"showImageEffects":true,"showParticleSystems":true,"showVisualEffectGraphs":true,"m_FxEnabled":true},"in2DMode":false,"pivot":{"x":106.15105438232422,"y":-80.02351379394531,"z":137.53814697265626},"rotation":{"x":0.21033379435539246,"y":0.32346010208129885,"z":-0.07037580013275147,"w":0.9205001592636108},"size":101.90938568115235,"orthographic":false}