{"cameraMode":{"drawMode":0,"name":"Shaded","section":"Shading Mode"},"sceneLighting":true,"audioPlay":false,"sceneViewState":{"m_AlwaysRefresh":false,"showFog":true,"showSkybox":true,"showFlares":true,"showImageEffects":true,"showParticleSystems":true,"showVisualEffectGraphs":true,"m_FxEnabled":true},"in2DMode":false,"pivot":{"x":9.693824768066407,"y":1.0942797660827637,"z":70.76762390136719},"rotation":{"x":-0.014428852126002312,"y":-0.005497629288583994,"z":-0.0031301553826779129,"w":-1.0004609823226929},"size":30.839012145996095,"orthographic":false}