{"cameraMode":{"drawMode":0,"name":"Shaded","section":"Shading Mode"},"sceneLighting":true,"audioPlay":false,"sceneViewState":{"m_AlwaysRefresh":false,"showFog":true,"showSkybox":true,"showFlares":true,"showImageEffects":true,"showParticleSystems":true,"showVisualEffectGraphs":true,"m_FxEnabled":true},"in2DMode":false,"pivot":{"x":0.1359860897064209,"y":2.471069097518921,"z":2.590710163116455},"rotation":{"x":0.059963855892419818,"y":0.0023937004152685405,"z":-0.00014380997163243592,"w":0.9981986284255981},"size":3.3833673000335695,"orthographic":false}