{"cameraMode":{"drawMode":0,"name":"Shaded","section":"Shading Mode"},"sceneLighting":true,"audioPlay":false,"sceneViewState":{"m_AlwaysRefresh":false,"showFog":true,"showSkybox":true,"showFlares":true,"showImageEffects":true,"showParticleSystems":true,"showVisualEffectGraphs":true,"m_FxEnabled":true},"in2DMode":false,"pivot":{"x":7.642513275146484,"y":1.834873080253601,"z":-104.54815673828125},"rotation":{"x":0.12183073908090592,"y":0.36997923254966738,"z":-0.045972634106874469,"w":0.9203214049339294},"size":28.823461532592775,"orthographic":false}