{"cameraMode":{"drawMode":0,"name":"Shaded","section":"Shading Mode"},"sceneLighting":true,"audioPlay":false,"sceneViewState":{"m_AlwaysRefresh":false,"showFog":true,"showSkybox":true,"showFlares":true,"showImageEffects":true,"showParticleSystems":true,"showVisualEffectGraphs":true,"m_FxEnabled":true},"in2DMode":false,"pivot":{"x":-0.7014111280441284,"y":5.406254768371582,"z":24.56194305419922},"rotation":{"x":-0.0004914174205623567,"y":0.997833788394928,"z":0.0057825855910778049,"w":-0.06900470703840256},"size":4.056140422821045,"orthographic":false}