{"cameraMode":{"drawMode":0,"name":"Shaded","section":"Shading Mode"},"sceneLighting":true,"audioPlay":false,"sceneViewState":{"m_AlwaysRefresh":false,"showFog":true,"showSkybox":true,"showFlares":true,"showImageEffects":true,"showParticleSystems":true,"showVisualEffectGraphs":true,"m_FxEnabled":true},"in2DMode":false,"pivot":{"x":944.4539794921875,"y":657.8673095703125,"z":370.4322814941406},"rotation":{"x":0.26383885741233828,"y":-0.002894726814702153,"z":0.000790730700828135,"w":0.964566171169281},"size":817.3277587890625,"orthographic":false}