{"cameraMode":{"drawMode":0,"name":"Shaded","section":"Shading Mode"},"sceneLighting":false,"audioPlay":false,"sceneViewState":{"m_AlwaysRefresh":false,"showFog":true,"showSkybox":true,"showFlares":true,"showImageEffects":true,"showParticleSystems":true,"showVisualEffectGraphs":true,"m_FxEnabled":true},"in2DMode":false,"pivot":{"x":1.2920886278152466,"y":1.2690513134002686,"z":-26.681825637817384},"rotation":{"x":0.37626802921295168,"y":-0.12764762341976167,"z":0.05603192001581192,"w":0.9165809750556946},"size":11.668333053588868,"orthographic":false}