{"cameraMode":{"drawMode":0,"name":"Shaded","section":"Shading Mode"},"sceneLighting":false,"audioPlay":false,"sceneViewState":{"m_AlwaysRefresh":false,"showFog":true,"showSkybox":true,"showFlares":true,"showImageEffects":true,"showParticleSystems":true,"showVisualEffectGraphs":true,"m_FxEnabled":true},"in2DMode":false,"pivot":{"x":0.20351773500442506,"y":2.2057180404663088,"z":13.679262161254883},"rotation":{"x":0.15884707868099214,"y":-0.19732481241226197,"z":0.03614572063088417,"w":0.9673002362251282},"size":1.7660253047943116,"orthographic":false}