{"cameraMode":{"drawMode":0,"name":"Shaded","section":"Shading Mode"},"sceneLighting":true,"audioPlay":false,"sceneViewState":{"m_AlwaysRefresh":false,"showFog":true,"showSkybox":true,"showFlares":true,"showImageEffects":false,"showParticleSystems":true,"showVisualEffectGraphs":true,"m_FxEnabled":true},"in2DMode":false,"pivot":{"x":-1.302685260772705,"y":5.6687092781066898,"z":30.362098693847658},"rotation":{"x":-0.045614637434482577,"y":0.5340582728385925,"z":-0.028858721256256105,"w":-0.8437566757202148},"size":5.82052755355835,"orthographic":false}