{"cameraMode":{"drawMode":0,"name":"Shaded","section":"Shading Mode"},"sceneLighting":true,"audioPlay":false,"sceneViewState":{"m_AlwaysRefresh":false,"showFog":true,"showSkybox":true,"showFlares":true,"showImageEffects":true,"showParticleSystems":true,"showVisualEffectGraphs":true,"m_FxEnabled":true},"in2DMode":false,"pivot":{"x":11.49126148223877,"y":6.2703046798706059,"z":10.550625801086426},"rotation":{"x":0.34782931208610537,"y":-0.07164384424686432,"z":0.02998766489326954,"w":0.9349566102027893},"size":2.083411455154419,"orthographic":false}