{"cameraMode":{"drawMode":0,"name":"Shaded","section":"Shading Mode"},"sceneLighting":false,"audioPlay":false,"sceneViewState":{"m_AlwaysRefresh":false,"showFog":true,"showSkybox":true,"showFlares":true,"showImageEffects":true,"showParticleSystems":true,"showVisualEffectGraphs":true,"m_FxEnabled":true},"in2DMode":false,"pivot":{"x":-3.646533489227295,"y":1.7866690158843995,"z":2.8371200561523439},"rotation":{"x":0.042467135936021808,"y":-0.6654924750328064,"z":0.03797413781285286,"w":0.7442315220832825},"size":3.147878646850586,"orthographic":false}