{"cameraMode":{"drawMode":0,"name":"Shaded","section":"Shading Mode"},"sceneLighting":true,"audioPlay":false,"sceneViewState":{"m_AlwaysRefresh":false,"showFog":true,"showSkybox":true,"showFlares":true,"showImageEffects":true,"showParticleSystems":true,"showVisualEffectGraphs":true,"m_FxEnabled":true},"in2DMode":false,"pivot":{"x":1.4743952751159669,"y":0.8571618795394898,"z":0.6122204661369324},"rotation":{"x":0.08802840858697891,"y":0.35851481556892397,"z":-0.03398090973496437,"w":0.928743302822113},"size":7.228601455688477,"orthographic":false}