{"cameraMode":{"drawMode":0,"name":"Shaded","section":"Shading Mode"},"sceneLighting":false,"audioPlay":false,"sceneViewState":{"m_AlwaysRefresh":false,"showFog":false,"showSkybox":false,"showFlares":true,"showImageEffects":false,"showParticleSystems":true,"showVisualEffectGraphs":true,"m_FxEnabled":true},"in2DMode":false,"pivot":{"x":0.6083577275276184,"y":0.6148538589477539,"z":0.4053550362586975},"rotation":{"x":0.10053539276123047,"y":0.4737838804721832,"z":-0.05449105054140091,"w":0.8732463717460632},"size":0.5660253763198853,"orthographic":false}