{"cameraMode":{"drawMode":0,"name":"Shaded","section":"Shading Mode"},"sceneLighting":true,"audioPlay":false,"sceneViewState":{"m_AlwaysRefresh":false,"showFog":false,"showSkybox":true,"showFlares":true,"showImageEffects":false,"showParticleSystems":true,"showVisualEffectGraphs":true,"m_FxEnabled":true},"in2DMode":false,"pivot":{"x":-199.06607055664063,"y":-1.2000446319580079,"z":181.33493041992188},"rotation":{"x":0.012842102907598019,"y":-0.09285847842693329,"z":0.0011959165567532182,"w":0.995599627494812},"size":53.4171257019043,"orthographic":false}