{"cameraMode":{"drawMode":0,"name":"Shaded","section":"Shading Mode"},"sceneLighting":false,"audioPlay":false,"sceneViewState":{"m_AlwaysRefresh":false,"showFog":false,"showSkybox":false,"showFlares":true,"showImageEffects":false,"showParticleSystems":true,"showVisualEffectGraphs":true,"m_FxEnabled":true},"in2DMode":false,"pivot":{"x":0.4368668496608734,"y":0.6755170822143555,"z":-0.4809819757938385},"rotation":{"x":0.07579387724399567,"y":0.5963525176048279,"z":-0.056702230125665668,"w":0.7971290946006775},"size":4.381470680236816,"orthographic":false}