{"cameraMode":{"drawMode":0,"name":"Shaded","section":"Shading Mode"},"sceneLighting":true,"audioPlay":false,"sceneViewState":{"m_AlwaysRefresh":false,"showFog":false,"showSkybox":true,"showFlares":false,"showImageEffects":false,"showParticleSystems":true,"showVisualEffectGraphs":true,"m_FxEnabled":true},"in2DMode":false,"pivot":{"x":-54.555423736572269,"y":11.748165130615235,"z":12.979219436645508},"rotation":{"x":0.020492790266871454,"y":0.8214070796966553,"z":0.029589176177978517,"w":-0.569220781326294},"size":9.464494705200196,"orthographic":false}