{"cameraMode":{"drawMode":0,"name":"Shaded","section":"Shading Mode"},"sceneLighting":true,"audioPlay":false,"sceneViewState":{"m_AlwaysRefresh":false,"showFog":false,"showSkybox":true,"showFlares":false,"showImageEffects":false,"showParticleSystems":true,"showVisualEffectGraphs":true,"m_FxEnabled":true},"in2DMode":false,"pivot":{"x":-63.509361267089847,"y":10.11850643157959,"z":16.873266220092775},"rotation":{"x":0.06593658030033112,"y":0.8449500203132629,"z":-0.10698720067739487,"w":0.5199772715568543},"size":11.887368202209473,"orthographic":false}