{"cameraMode":{"drawMode":0,"name":"Shaded","section":"Shading Mode"},"sceneLighting":true,"audioPlay":false,"sceneViewState":{"m_AlwaysRefresh":false,"showFog":false,"showSkybox":true,"showFlares":false,"showImageEffects":false,"showParticleSystems":true,"showVisualEffectGraphs":true,"m_FxEnabled":true},"in2DMode":false,"pivot":{"x":-79.18016815185547,"y":5.2149810791015629,"z":54.746978759765628},"rotation":{"x":0.05630319565534592,"y":-0.9297854900360107,"z":0.32660186290740969,"w":0.16032929718494416},"size":12.107659339904786,"orthographic":false}