{"cameraMode":{"drawMode":0,"name":"Shaded","section":"Shading Mode"},"sceneLighting":false,"audioPlay":false,"sceneViewState":{"m_AlwaysRefresh":false,"showFog":false,"showSkybox":false,"showFlares":true,"showImageEffects":false,"showParticleSystems":true,"showVisualEffectGraphs":true,"m_FxEnabled":true},"in2DMode":false,"pivot":{"x":3.1000239849090578,"y":0.41999995708465578,"z":-31.530000686645509},"rotation":{"x":0.07168946415185929,"y":-0.8206248879432678,"z":0.10574474185705185,"w":0.5571058392524719},"size":1.1820541620254517,"orthographic":false}