{"cameraMode":{"drawMode":0,"name":"Shaded","section":"Shading Mode"},"sceneLighting":true,"audioPlay":false,"sceneViewState":{"m_AlwaysRefresh":false,"showFog":true,"showSkybox":true,"showFlares":true,"showImageEffects":true,"showParticleSystems":true,"showVisualEffectGraphs":true,"m_FxEnabled":true},"in2DMode":false,"pivot":{"x":91.30538940429688,"y":-0.46485042572021487,"z":71.11750793457031},"rotation":{"x":0.1283954679965973,"y":-0.23705336451530457,"z":0.03160233795642853,"w":0.9624931812286377},"size":8.975966453552246,"orthographic":false}