{"cameraMode":{"drawMode":0,"name":"Shaded","section":"Shading Mode"},"sceneLighting":false,"audioPlay":false,"sceneViewState":{"m_AlwaysRefresh":false,"showFog":true,"showSkybox":false,"showFlares":true,"showImageEffects":true,"showParticleSystems":true,"showVisualEffectGraphs":true,"m_FxEnabled":true},"in2DMode":false,"pivot":{"x":0.001704740570858121,"y":0.02532503753900528,"z":0.010502370074391365},"rotation":{"x":-0.005032327491790056,"y":0.6007212400436401,"z":0.003791680559515953,"w":0.7994623184204102},"size":0.036512672901153567,"orthographic":false}