{"cameraMode":{"drawMode":0,"name":"Shaded","section":"Shading Mode"},"sceneLighting":false,"audioPlay":false,"sceneViewState":{"m_AlwaysRefresh":false,"showFog":false,"showSkybox":false,"showFlares":true,"showImageEffects":false,"showParticleSystems":true,"showVisualEffectGraphs":true,"m_FxEnabled":true},"in2DMode":false,"pivot":{"x":3.1035029888153078,"y":0.41999998688697817,"z":-31.530399322509767},"rotation":{"x":0.279759019613266,"y":-0.19077827036380769,"z":0.056827932596206668,"w":0.9392096400260925},"size":0.8688938021659851,"orthographic":false}