{"cameraMode":{"drawMode":0,"name":"Shaded","section":"Shading Mode"},"sceneLighting":false,"audioPlay":false,"sceneViewState":{"m_AlwaysRefresh":false,"showFog":false,"showSkybox":false,"showFlares":true,"showImageEffects":false,"showParticleSystems":true,"showVisualEffectGraphs":true,"m_FxEnabled":true},"in2DMode":false,"pivot":{"x":-16.546796798706056,"y":0.5299999713897705,"z":17.890348434448243},"rotation":{"x":-0.193026602268219,"y":0.48882997035980227,"z":-0.11188141256570816,"w":-0.8433696627616882},"size":0.03535480052232742,"orthographic":false}