{"cameraMode":{"drawMode":0,"name":"Shaded","section":"Shading Mode"},"sceneLighting":true,"audioPlay":false,"sceneViewState":{"m_AlwaysRefresh":false,"showFog":true,"showSkybox":true,"showFlares":true,"showImageEffects":true,"showParticleSystems":true,"showVisualEffectGraphs":true,"m_FxEnabled":true},"in2DMode":false,"pivot":{"x":32.33540725708008,"y":-53.754364013671878,"z":-64.09553527832031},"rotation":{"x":0.009244978427886963,"y":0.9245184063911438,"z":-0.38036254048347475,"w":0.02247101068496704},"size":113.91944122314453,"orthographic":false}