{"cameraMode":{"drawMode":0,"name":"Shaded","section":"Shading Mode"},"sceneLighting":true,"audioPlay":false,"sceneViewState":{"m_AlwaysRefresh":false,"showFog":true,"showSkybox":true,"showFlares":true,"showImageEffects":false,"showParticleSystems":true,"showVisualEffectGraphs":true,"m_FxEnabled":true},"in2DMode":false,"pivot":{"x":-2.678133010864258,"y":3.9373269081115724,"z":57.869407653808597},"rotation":{"x":0.03735436499118805,"y":0.08472386747598648,"z":-0.0031789240892976524,"w":0.9957014918327332},"size":12.281759262084961,"orthographic":false}