{"cameraMode":{"drawMode":0,"name":"Shaded","section":"Shading Mode"},"sceneLighting":true,"audioPlay":false,"sceneViewState":{"m_AlwaysRefresh":false,"showFog":true,"showSkybox":true,"showFlares":true,"showImageEffects":false,"showParticleSystems":true,"showVisualEffectGraphs":true,"m_FxEnabled":true},"in2DMode":false,"pivot":{"x":-21.446359634399415,"y":-0.21489357948303224,"z":43.8851318359375},"rotation":{"x":0.10243944078683853,"y":-0.0730457752943039,"z":0.007542869541794062,"w":0.9920257329940796},"size":12.056961059570313,"orthographic":false}