{"cameraMode":{"drawMode":0,"name":"Shaded","section":"Shading Mode"},"sceneLighting":true,"audioPlay":false,"sceneViewState":{"m_AlwaysRefresh":false,"showFog":true,"showSkybox":true,"showFlares":true,"showImageEffects":false,"showParticleSystems":true,"showVisualEffectGraphs":true,"m_FxEnabled":true},"in2DMode":false,"pivot":{"x":-14.740999221801758,"y":0.31896209716796877,"z":21.10531234741211},"rotation":{"x":0.4545699954032898,"y":-0.005625232122838497,"z":0.0028691214974969627,"w":0.8906905055046082},"size":24.71170997619629,"orthographic":false}