{"cameraMode":{"drawMode":0,"name":"Shaded","section":"Shading Mode"},"sceneLighting":false,"audioPlay":false,"sceneViewState":{"m_AlwaysRefresh":false,"showFog":true,"showSkybox":false,"showFlares":true,"showImageEffects":true,"showParticleSystems":true,"showVisualEffectGraphs":true,"m_FxEnabled":true},"in2DMode":false,"pivot":{"x":49.4901008605957,"y":1.896477222442627,"z":18.668949127197267},"rotation":{"x":0.0032034991309046747,"y":0.9938552379608154,"z":-0.10707662999629975,"w":0.029459115117788316},"size":2.3208956718444826,"orthographic":false}