{"cameraMode":{"drawMode":0,"name":"Shaded","section":"Shading Mode"},"sceneLighting":true,"audioPlay":false,"sceneViewState":{"m_AlwaysRefresh":false,"showFog":true,"showSkybox":true,"showFlares":true,"showImageEffects":false,"showParticleSystems":true,"showVisualEffectGraphs":true,"m_FxEnabled":true},"in2DMode":false,"pivot":{"x":-16.686126708984376,"y":2.616989850997925,"z":16.24654197692871},"rotation":{"x":-0.035136353224515918,"y":0.25120609998703005,"z":-0.009125170297920704,"w":-0.9672529697418213},"size":8.59957504272461,"orthographic":false}