{"cameraMode":{"drawMode":0,"name":"Shaded","section":"Shading Mode"},"sceneLighting":false,"audioPlay":false,"sceneViewState":{"m_AlwaysRefresh":false,"showFog":true,"showSkybox":false,"showFlares":true,"showImageEffects":true,"showParticleSystems":true,"showVisualEffectGraphs":true,"m_FxEnabled":true},"in2DMode":false,"pivot":{"x":49.39164352416992,"y":1.5533790588378907,"z":19.753047943115236},"rotation":{"x":0.3369669020175934,"y":0.024000464007258416,"z":-0.008592924103140831,"w":0.941172182559967},"size":1.7117619514465333,"orthographic":false}