{"cameraMode":{"drawMode":0,"name":"Shaded","section":"Shading Mode"},"sceneLighting":false,"audioPlay":false,"sceneViewState":{"m_AlwaysRefresh":false,"showFog":true,"showSkybox":true,"showFlares":true,"showImageEffects":false,"showParticleSystems":true,"showVisualEffectGraphs":true,"m_FxEnabled":true},"in2DMode":false,"pivot":{"x":-67.65948486328125,"y":9.552281379699707,"z":61.880008697509769},"rotation":{"x":-0.13786789774894715,"y":-0.003865396836772561,"z":0.0005380355287343264,"w":-0.9904450178146362},"size":9.077103614807129,"orthographic":false}