{"cameraMode":{"drawMode":0,"name":"Shaded","section":"Shading Mode"},"sceneLighting":false,"audioPlay":false,"sceneViewState":{"m_AlwaysRefresh":false,"showFog":true,"showSkybox":true,"showFlares":true,"showImageEffects":false,"showParticleSystems":true,"showVisualEffectGraphs":true,"m_FxEnabled":true},"in2DMode":false,"pivot":{"x":-297.6568298339844,"y":-13.858274459838868,"z":131.2821044921875},"rotation":{"x":0.07759319245815277,"y":0.032022394239902499,"z":-0.0025902390480041506,"w":0.9965550899505615},"size":31.319358825683595,"orthographic":false}