{"cameraMode":{"drawMode":0,"name":"Shaded","section":"Shading Mode"},"sceneLighting":false,"audioPlay":false,"sceneViewState":{"m_AlwaysRefresh":false,"showFog":true,"showSkybox":false,"showFlares":true,"showImageEffects":true,"showParticleSystems":true,"showVisualEffectGraphs":true,"m_FxEnabled":true},"in2DMode":false,"pivot":{"x":0.019224464893341066,"y":-0.013136975467205048,"z":-1.0559849739074708},"rotation":{"x":0.0571034736931324,"y":-0.8497312068939209,"z":0.09414197504520416,"w":0.5156798958778381},"size":0.450274258852005,"orthographic":false}