{"cameraMode":{"drawMode":0,"name":"Shaded","section":"Shading Mode"},"sceneLighting":false,"audioPlay":false,"sceneViewState":{"m_AlwaysRefresh":false,"showFog":true,"showSkybox":true,"showFlares":true,"showImageEffects":true,"showParticleSystems":true,"showVisualEffectGraphs":true,"m_FxEnabled":true},"in2DMode":false,"pivot":{"x":-0.6028103828430176,"y":0.8142901062965393,"z":-0.24843764305114747},"rotation":{"x":0.05202815309166908,"y":-0.8641036748886108,"z":0.09133622795343399,"w":0.49222272634506228},"size":2.094014883041382,"orthographic":false}