{"cameraMode":{"drawMode":0,"name":"Shaded","section":"Shading Mode"},"sceneLighting":false,"audioPlay":false,"sceneViewState":{"m_AlwaysRefresh":false,"showFog":true,"showSkybox":true,"showFlares":true,"showImageEffects":true,"showParticleSystems":true,"showVisualEffectGraphs":true,"m_FxEnabled":true},"in2DMode":false,"pivot":{"x":34.3704719543457,"y":3.9688801765441896,"z":38.275962829589847},"rotation":{"x":0.008641601540148259,"y":0.10870278626680374,"z":0.0009117802837863565,"w":-0.994068443775177},"size":13.965824127197266,"orthographic":false}