{"cameraMode":{"drawMode":0,"name":"Shaded","section":"Shading Mode"},"sceneLighting":false,"audioPlay":false,"sceneViewState":{"m_AlwaysRefresh":false,"showFog":true,"showSkybox":true,"showFlares":true,"showImageEffects":true,"showParticleSystems":true,"showVisualEffectGraphs":true,"m_FxEnabled":true},"in2DMode":false,"pivot":{"x":60.48465347290039,"y":-3.1865644454956056,"z":-41.58771896362305},"rotation":{"x":0.0033651222474873068,"y":-0.9933923482894898,"z":0.11103200167417526,"w":0.029783280566334726},"size":22.32167625427246,"orthographic":false}