{"cameraMode":{"drawMode":0,"name":"Shaded","section":"Shading Mode"},"sceneLighting":true,"audioPlay":false,"sceneViewState":{"m_AlwaysRefresh":false,"showFog":true,"showSkybox":true,"showFlares":true,"showImageEffects":true,"showParticleSystems":true,"showVisualEffectGraphs":true,"m_FxEnabled":true},"in2DMode":false,"pivot":{"x":-1.004936695098877,"y":-2.9449691772460939,"z":97.15006256103516},"rotation":{"x":0.13926438987255097,"y":-0.03564593568444252,"z":0.005016315262764692,"w":0.9896021485328674},"size":16.890199661254884,"orthographic":false}