{"cameraMode":{"drawMode":0,"name":"Shaded","section":"Shading Mode"},"sceneLighting":false,"audioPlay":false,"sceneViewState":{"m_AlwaysRefresh":false,"showFog":true,"showSkybox":true,"showFlares":true,"showImageEffects":true,"showParticleSystems":true,"showVisualEffectGraphs":true,"m_FxEnabled":true},"in2DMode":false,"pivot":{"x":30.645301818847658,"y":4.753777503967285,"z":19.283353805541993},"rotation":{"x":-0.16148915886878968,"y":0.4690304398536682,"z":-0.08768890798091889,"w":-0.8638626337051392},"size":2.2337026596069338,"orthographic":false}