{"cameraMode":{"drawMode":0,"name":"Shaded","section":"Shading Mode"},"sceneLighting":false,"audioPlay":false,"sceneViewState":{"m_AlwaysRefresh":false,"showFog":true,"showSkybox":true,"showFlares":true,"showImageEffects":true,"showParticleSystems":true,"showVisualEffectGraphs":true,"m_FxEnabled":true},"in2DMode":false,"pivot":{"x":-1.6557352542877198,"y":1.3094948530197144,"z":-0.8986470699310303},"rotation":{"x":0.1145961731672287,"y":0.47358834743499758,"z":-0.06230379641056061,"w":0.8710424900054932},"size":1.7660253047943116,"orthographic":false}