{"cameraMode":{"drawMode":0,"name":"Shaded","section":"Shading Mode"},"sceneLighting":true,"audioPlay":false,"sceneViewState":{"m_AlwaysRefresh":false,"showFog":false,"showSkybox":true,"showFlares":true,"showImageEffects":false,"showParticleSystems":true,"showVisualEffectGraphs":true,"m_FxEnabled":true},"in2DMode":false,"pivot":{"x":-25.026973724365236,"y":10.589370727539063,"z":25.841938018798829},"rotation":{"x":-0.03726881742477417,"y":-0.2395584136247635,"z":0.009203162044286728,"w":-0.9701264500617981},"size":18.860610961914064,"orthographic":false}