{"cameraMode":{"drawMode":0,"name":"Shaded","section":"Shading Mode"},"sceneLighting":true,"audioPlay":false,"sceneViewState":{"m_AlwaysRefresh":false,"showFog":false,"showSkybox":true,"showFlares":true,"showImageEffects":false,"showParticleSystems":true,"showVisualEffectGraphs":true,"m_FxEnabled":false},"in2DMode":false,"pivot":{"x":-74.31430053710938,"y":-52.656856536865237,"z":97.39175415039063},"rotation":{"x":0.6578014492988586,"y":-0.002259552711620927,"z":0.0019732217770069839,"w":0.7531882524490356},"size":72.41229248046875,"orthographic":false}