{"cameraMode":{"drawMode":0,"name":"Shaded","section":"Shading Mode"},"sceneLighting":false,"audioPlay":false,"sceneViewState":{"m_AlwaysRefresh":false,"showFog":false,"showSkybox":true,"showFlares":true,"showImageEffects":false,"showParticleSystems":true,"showVisualEffectGraphs":true,"m_FxEnabled":true},"in2DMode":false,"pivot":{"x":0.39964988827705386,"y":2.0007262229919435,"z":-41.57290267944336},"rotation":{"x":0.1470242440700531,"y":-0.06671257317066193,"z":0.009939169511198998,"w":0.9868313074111939},"size":0.9000250697135925,"orthographic":false}