{"cameraMode":{"drawMode":0,"name":"Shaded","section":"Shading Mode"},"sceneLighting":true,"audioPlay":false,"sceneViewState":{"m_AlwaysRefresh":false,"showFog":true,"showSkybox":true,"showFlares":true,"showImageEffects":false,"showParticleSystems":true,"showVisualEffectGraphs":true,"m_FxEnabled":true},"in2DMode":false,"pivot":{"x":-84.80609893798828,"y":3.8501224517822267,"z":83.06262969970703},"rotation":{"x":-0.0005973190418444574,"y":-0.005991659592837095,"z":-3.599707838475297e-7,"w":-0.9999961853027344},"size":140.68826293945313,"orthographic":false}