{"cameraMode":{"drawMode":0,"name":"Shaded","section":"Shading Mode"},"sceneLighting":true,"audioPlay":false,"sceneViewState":{"m_AlwaysRefresh":false,"showFog":true,"showSkybox":true,"showFlares":true,"showImageEffects":false,"showParticleSystems":true,"showVisualEffectGraphs":true,"m_FxEnabled":true},"in2DMode":false,"pivot":{"x":-18.74224853515625,"y":3.062044382095337,"z":44.818058013916019},"rotation":{"x":0.10514066368341446,"y":-0.07064744085073471,"z":0.007534937001764774,"w":0.9920076131820679},"size":6.299371242523193,"orthographic":false}