{"cameraMode":{"drawMode":0,"name":"Shaded","section":"Shading Mode"},"sceneLighting":true,"audioPlay":false,"sceneViewState":{"m_AlwaysRefresh":false,"showFog":true,"showSkybox":true,"showFlares":true,"showImageEffects":false,"showParticleSystems":true,"showVisualEffectGraphs":true,"m_FxEnabled":true},"in2DMode":false,"pivot":{"x":-10.700220108032227,"y":-1.6092748641967774,"z":51.901973724365237},"rotation":{"x":-0.45889782905578616,"y":0.11929518729448319,"z":-0.06233694776892662,"w":-0.8782482743263245},"size":31.97437858581543,"orthographic":false}