{"cameraMode":{"drawMode":0,"name":"Shaded","section":"Shading Mode"},"sceneLighting":true,"audioPlay":false,"sceneViewState":{"m_AlwaysRefresh":false,"showFog":true,"showSkybox":true,"showFlares":true,"showImageEffects":false,"showParticleSystems":true,"showVisualEffectGraphs":true,"m_FxEnabled":true},"in2DMode":false,"pivot":{"x":-1.7593834400177003,"y":6.508151054382324,"z":13.849136352539063},"rotation":{"x":0.06597334891557694,"y":0.16093163192272187,"z":-0.010780733078718186,"w":0.9847041964530945},"size":3.5029969215393068,"orthographic":false}