{"cameraMode":{"drawMode":0,"name":"Shaded","section":"Shading Mode"},"sceneLighting":true,"audioPlay":false,"sceneViewState":{"m_AlwaysRefresh":false,"showFog":true,"showSkybox":true,"showFlares":true,"showImageEffects":false,"showParticleSystems":true,"showVisualEffectGraphs":true,"m_FxEnabled":true},"in2DMode":false,"pivot":{"x":-7.957986354827881,"y":4.033335208892822,"z":1.4362187385559083},"rotation":{"x":-0.0005973190418444574,"y":-0.005991659592837095,"z":-3.599707838475297e-7,"w":-0.9999961853027344},"size":0.3339748978614807,"orthographic":false}