{"cameraMode":{"drawMode":0,"name":"Shaded","section":"Shading Mode"},"sceneLighting":true,"audioPlay":false,"sceneViewState":{"m_AlwaysRefresh":false,"showFog":true,"showSkybox":true,"showFlares":true,"showImageEffects":false,"showParticleSystems":true,"showVisualEffectGraphs":true,"m_FxEnabled":true},"in2DMode":false,"pivot":{"x":25.527435302734376,"y":-2.3849525451660158,"z":33.15032958984375},"rotation":{"x":0.03965826705098152,"y":0.5465741157531738,"z":-0.02592558227479458,"w":0.8360716104507446},"size":22.582399368286134,"orthographic":false}