{"cameraMode":{"drawMode":0,"name":"Shaded","section":"Shading Mode"},"sceneLighting":false,"audioPlay":false,"sceneViewState":{"m_AlwaysRefresh":false,"showFog":true,"showSkybox":true,"showFlares":true,"showImageEffects":false,"showParticleSystems":true,"showVisualEffectGraphs":true,"m_FxEnabled":true},"in2DMode":false,"pivot":{"x":7.793919086456299,"y":12.857782363891602,"z":65.87528228759766},"rotation":{"x":-0.020094219595193864,"y":0.9792625308036804,"z":-0.15943850576877595,"w":-0.12343613058328629},"size":-11.517732620239258,"orthographic":false}