{"cameraMode":{"drawMode":0,"name":"Shaded","section":"Shading Mode"},"sceneLighting":true,"audioPlay":false,"sceneViewState":{"m_AlwaysRefresh":false,"showFog":true,"showSkybox":true,"showFlares":true,"showImageEffects":false,"showParticleSystems":true,"showVisualEffectGraphs":true,"m_FxEnabled":true},"in2DMode":false,"pivot":{"x":13.009102821350098,"y":22.45718002319336,"z":24.13703155517578},"rotation":{"x":-0.17304007709026338,"y":-0.031014572829008104,"z":0.005445390474051237,"w":-0.9844469428062439},"size":5.2107768058776859,"orthographic":false}