{"cameraMode":{"drawMode":0,"name":"Shaded","section":"Shading Mode"},"sceneLighting":true,"audioPlay":false,"sceneViewState":{"m_AlwaysRefresh":false,"showFog":true,"showSkybox":true,"showFlares":true,"showImageEffects":false,"showParticleSystems":true,"showVisualEffectGraphs":true,"m_FxEnabled":true},"in2DMode":false,"pivot":{"x":-21.777860641479493,"y":1.3776524066925049,"z":49.9909553527832},"rotation":{"x":-0.04612976312637329,"y":0.12256718426942826,"z":-0.005703454837203026,"w":-0.9913827180862427},"size":4.895588397979736,"orthographic":false}