{"cameraMode":{"drawMode":0,"name":"Shaded","section":"Shading Mode"},"sceneLighting":true,"audioPlay":false,"sceneViewState":{"m_AlwaysRefresh":false,"showFog":true,"showSkybox":true,"showFlares":true,"showImageEffects":false,"showParticleSystems":true,"showVisualEffectGraphs":true,"m_FxEnabled":true},"in2DMode":false,"pivot":{"x":-149.49234008789063,"y":-47.703006744384769,"z":155.91905212402345},"rotation":{"x":0.20977549254894257,"y":0.08291710913181305,"z":-0.01779412478208542,"w":0.974157452583313},"size":86.14213562011719,"orthographic":false}