{"cameraMode":{"drawMode":0,"name":"Shaded","section":"Shading Mode"},"sceneLighting":true,"audioPlay":false,"sceneViewState":{"m_AlwaysRefresh":false,"showFog":true,"showSkybox":true,"showFlares":true,"showImageEffects":false,"showParticleSystems":true,"showVisualEffectGraphs":true,"m_FxEnabled":true},"in2DMode":false,"pivot":{"x":-36.855308532714847,"y":0.7443214654922485,"z":17.070775985717775},"rotation":{"x":-0.1873408406972885,"y":-0.17053581774234773,"z":0.033044811338186267,"w":-0.9668200016021729},"size":2.5499517917633058,"orthographic":false}