{"cameraMode":{"drawMode":0,"name":"Shaded","section":"Shading Mode"},"sceneLighting":false,"audioPlay":false,"sceneViewState":{"m_AlwaysRefresh":false,"showFog":true,"showSkybox":false,"showFlares":true,"showImageEffects":true,"showParticleSystems":true,"showVisualEffectGraphs":true,"m_FxEnabled":true},"in2DMode":false,"pivot":{"x":0.015048861503601075,"y":-0.16853773593902589,"z":-0.9494740962982178},"rotation":{"x":-0.12158326804637909,"y":-0.21353976428508759,"z":0.026756227016448976,"w":-0.9690104126930237},"size":3.098104953765869,"orthographic":false}