{"cameraMode":{"drawMode":0,"name":"Shaded","section":"Shading Mode"},"sceneLighting":false,"audioPlay":false,"sceneViewState":{"m_AlwaysRefresh":false,"showFog":true,"showSkybox":false,"showFlares":true,"showImageEffects":true,"showParticleSystems":true,"showVisualEffectGraphs":true,"m_FxEnabled":true},"in2DMode":false,"pivot":{"x":4.6566128730773929e-9,"y":-3.725290298461914e-9,"z":0.033093128353357318},"rotation":{"x":0.1689799576997757,"y":0.5928464531898499,"z":-0.1289634257555008,"w":0.7767810821533203},"size":0.03651273250579834,"orthographic":false}