{"cameraMode":{"drawMode":0,"name":"Shaded","section":"Shading Mode"},"sceneLighting":true,"audioPlay":false,"sceneViewState":{"m_AlwaysRefresh":false,"showFog":true,"showSkybox":true,"showFlares":true,"showImageEffects":true,"showParticleSystems":true,"showVisualEffectGraphs":true,"m_FxEnabled":true},"in2DMode":false,"pivot":{"x":4.508190631866455,"y":182.3773956298828,"z":-167.39772033691407},"rotation":{"x":-0.3038332462310791,"y":-0.0002877885417547077,"z":0.00009414323722012341,"w":-0.9527369141578674},"size":0.7429930567741394,"orthographic":false}