{"cameraMode":{"drawMode":0,"name":"Shaded","section":"Shading Mode"},"sceneLighting":false,"audioPlay":false,"sceneViewState":{"m_AlwaysRefresh":false,"showFog":true,"showSkybox":true,"showFlares":true,"showImageEffects":false,"showParticleSystems":true,"showVisualEffectGraphs":true,"m_FxEnabled":true},"in2DMode":false,"pivot":{"x":-237.15811157226563,"y":-91.90290832519531,"z":188.03895568847657},"rotation":{"x":-0.19680793583393098,"y":0.04468889161944389,"z":-0.008978623896837235,"w":-0.9793872833251953},"size":65.91487121582031,"orthographic":false}