{"cameraMode":{"drawMode":0,"name":"Shaded","section":"Shading Mode"},"sceneLighting":true,"audioPlay":false,"sceneViewState":{"m_AlwaysRefresh":false,"showFog":false,"showSkybox":true,"showFlares":true,"showImageEffects":false,"showParticleSystems":true,"showVisualEffectGraphs":true,"m_FxEnabled":true},"in2DMode":false,"pivot":{"x":-15.033097267150879,"y":14.733210563659668,"z":99.75042724609375},"rotation":{"x":0.2283591777086258,"y":-0.007301755249500275,"z":0.0017127221217378975,"w":0.9735487103462219},"size":9.07449722290039,"orthographic":false}