{"cameraMode":{"drawMode":0,"name":"Shaded","section":"Shading Mode"},"sceneLighting":false,"audioPlay":false,"sceneViewState":{"m_AlwaysRefresh":false,"showFog":true,"showSkybox":true,"showFlares":true,"showImageEffects":false,"showParticleSystems":true,"showVisualEffectGraphs":true,"m_FxEnabled":true},"in2DMode":false,"pivot":{"x":-186.08848571777345,"y":-9.924267768859864,"z":105.43643951416016},"rotation":{"x":0.26216891407966616,"y":0.041403092443943027,"z":-0.011228580959141255,"w":0.9640999436378479},"size":14.602802276611329,"orthographic":false}