{"cameraMode":{"drawMode":0,"name":"Shaded","section":"Shading Mode"},"sceneLighting":false,"audioPlay":false,"sceneViewState":{"m_AlwaysRefresh":false,"showFog":true,"showSkybox":true,"showFlares":true,"showImageEffects":false,"showParticleSystems":true,"showVisualEffectGraphs":true,"m_FxEnabled":true},"in2DMode":false,"pivot":{"x":-271.15899658203127,"y":-102.40022277832031,"z":90.61245727539063},"rotation":{"x":0.24737563729286195,"y":-0.6576008200645447,"z":0.24326233565807343,"w":0.6687350869178772},"size":61.461456298828128,"orthographic":false}