{"cameraMode":{"drawMode":0,"name":"Shaded","section":"Shading Mode"},"sceneLighting":false,"audioPlay":false,"sceneViewState":{"m_AlwaysRefresh":false,"showFog":true,"showSkybox":true,"showFlares":true,"showImageEffects":false,"showParticleSystems":true,"showVisualEffectGraphs":true,"m_FxEnabled":true},"in2DMode":false,"pivot":{"x":-147.33688354492188,"y":-33.689552307128909,"z":136.47901916503907},"rotation":{"x":0.1103692501783371,"y":-0.2946898341178894,"z":0.03423064202070236,"w":0.9486181139945984},"size":100.49041748046875,"orthographic":false}